<?xml version="1.0" encoding="utf-8"?>
<!-- Aseprite -->
<!-- Copyright (C) 2015 by David Capello -->
<gui>
<window text="Frame Tag Properties" id="frame_tag_properties">
  <grid columns="2">
    <label text="Name:" />
    <entry maxsize="256" id="name" magnet="true" />

    <label text="From:" />
    <entry maxsize="10" id="from" />

    <label text="To:" />
    <entry maxsize="10" id="to" />

    <label text="Color:" />
    <colorpicker id="color" />

    <label text="Animation Direction:" />
    <combobox id="anidir" />

    <separator horizontal="true" cell_hspan="2" />

    <box horizontal="true" homogeneous="true" cell_hspan="2" cell_align="right">
      <button text="&amp;OK" closewindow="true" id="ok" magnet="true" minwidth="60" />
      <button text="&amp;Cancel" closewindow="true" />
    </box>
  </grid>
</window>
</gui>
